job_title,company,platform,link,status,resume_path,cover_letter_path
2025-07-15 10:48:24,Affirm,"Senior Manager, Key Accounts Sales",linkedin,SUCCESS
2025-07-15 10:48:36,Black & White Zebra,Digital PR Lead (USA),linkedin,SUCCESS
2025-07-15 10:48:48,Automation Anywhere,Automation Delivery Manager,linkedin,SUCCESS
2025-07-15 10:52:49,Bitso,Product Manager,linkedin,FAILED: Not an 'Easy Apply' job.
2025-07-15 10:53:11,Bitso,Product Manager,linkedin,FAILED: Not an 'Easy Apply' job.
2025-07-15 10:53:36,Clever Real Estate,Director of Product,linkedin,FAILED: Not an 'Easy Apply' job.
2025-07-15 10:53:59,,Group Product Manager,linkedin,FAILED: Not an 'Easy Apply' job.
2025-07-15 10:54:17,,,linkedin,FAILED: Not an 'Easy Apply' job.
2025-07-15 10:54:36,,,linkedin,FAILED: Not an 'Easy Apply' job.
2025-07-15 10:54:54,,,linkedin,FAILED: Not an 'Easy Apply' job.
2025-07-15 10:56:03,A2X,Product Manager,linkedin,FAILED: Not an 'Easy Apply' job.
2025-07-15 10:56:24,Bitso,Product Manager,linkedin,FAILED: Not an 'Easy Apply' job.
2025-07-15 10:56:44,Mindera,Product Manager,linkedin,FAILED: Not an 'Easy Apply' job.
2025-07-15 10:57:02,,Product Manager,linkedin,FAILED: Not an 'Easy Apply' job.
2025-07-15 10:57:18,,,linkedin,FAILED: Not an 'Easy Apply' job.
2025-07-15 11:00:22,A2X,Product Manager,linkedin,FAILED: Not an 'Easy Apply' job (button did not load in time).
2025-07-15 11:01:02,Bitso,Product Manager,linkedin,FAILED: Not an 'Easy Apply' job (button did not load in time).
2025-07-15 11:12:04,Course,Project Manager Consultant - Healthcare SaaS (Remote),linkedin,FAILED: Not an 'Easy Apply' job (button did not load in time).
2025-07-15 11:12:36,MTech Systems,Project Manager,linkedin,FAILED: Not an 'Easy Apply' job (button did not load in time).
2025-07-15 11:13:15,CDK Global,Project Manager (Remote),linkedin,FAILED: Not an 'Easy Apply' job (button did not load in time).
2025-07-15 11:13:48,HighLevel,Project Manager,linkedin,FAILED: Not an 'Easy Apply' job (button did not load in time).
2025-07-15 11:14:34,cResults,Project Manager,linkedin,FAILED: Not an 'Easy Apply' job (button did not load in time).
2025-07-15 11:15:04,Bright Mind Solutions LLC,Project Manager (PM2),linkedin,FAILED: Not an 'Easy Apply' job (button did not load in time).
2025-07-15 11:15:40,Course,Project Manager Consultant - Healthcare SaaS (Remote),linkedin,FAILED: Not an 'Easy Apply' job (button did not load in time).
2025-07-15 11:16:13,Randstad USA,Project Coordinator,linkedin,FAILED: Not an 'Easy Apply' job (button did not load in time).
2025-07-15 11:16:56,A2X,Product Manager,linkedin,FAILED: Not an 'Easy Apply' job (button did not load in time).
2025-07-15 11:17:27,Bitso,Product Manager,linkedin,FAILED: Not an 'Easy Apply' job (button did not load in time).
2025-07-15 11:17:58,Mindera,Product Manager,linkedin,FAILED: Not an 'Easy Apply' job (button did not load in time).
2025-07-15 11:18:33,Bitso,Product Manager,linkedin,FAILED: Not an 'Easy Apply' job (button did not load in time).
2025-07-15 11:20:34,A2X,Product Manager,linkedin,MANUAL_REQUIRED
2025-07-15 11:21:10,Bitso,Product Manager,linkedin,MANUAL_REQUIRED
2025-07-15 11:21:40,Mindera,Product Manager,linkedin,MANUAL_REQUIRED
2025-07-15 11:22:23,cResults,Project Manager,linkedin,MANUAL_REQUIRED
2025-07-15 11:22:57,Bright Mind Solutions LLC,Project Manager (PM2),linkedin,MANUAL_REQUIRED
2025-07-15 11:23:31,Course,Project Manager Consultant - Healthcare SaaS (Remote),linkedin,MANUAL_REQUIRED
2025-07-15 11:24:19,Course,Project Manager Consultant - Healthcare SaaS (Remote),linkedin,MANUAL_REQUIRED
2025-07-15 11:24:53,MTech Systems,Project Manager,linkedin,MANUAL_REQUIRED
2025-07-15 11:25:27,CDK Global,Project Manager (Remote),linkedin,MANUAL_REQUIRED
2025-07-15 11:26:02,HighLevel,Project Manager,linkedin,MANUAL_REQUIRED
2025-07-15 11:26:46,Bitso,Product Manager,linkedin,MANUAL_REQUIRED
2025-07-15 11:34:33,Course,Project Manager Consultant - Healthcare SaaS (Remote),linkedin,FAILED: Not an 'Easy Apply' job (button did not load).
2025-07-15 11:35:08,MTech Systems,Project Manager,linkedin,FAILED: Not an 'Easy Apply' job (button did not load).
2025-07-15 11:35:43,CDK Global,Project Manager (Remote),linkedin,FAILED: Not an 'Easy Apply' job (button did not load).
2025-07-15 11:41:31,Toloka,AI Data Project Manager,linkedin,FAILED: Not an 'Easy Apply' job (button did not load).
2025-07-15 11:42:01,Cloud for Good,Senior Project Manager,linkedin,FAILED: Not an 'Easy Apply' job (button did not load).
2025-07-15 11:42:36,M3 USA,Technical Project Manager (Remote),linkedin,FAILED: Not an 'Easy Apply' job (button did not load).
2025-07-15 11:43:20,Akka,"Director, Product Management ‚Äî Agentic AI",linkedin,FAILED: Not an 'Easy Apply' job (button did not load).
2025-07-15 11:43:58,Akka,"Director, Product Management ‚Äî Agentic AI in Production",linkedin,FAILED: Not an 'Easy Apply' job (button did not load).
2025-07-15 11:44:35,Meet Life Sciences,Head of Machine Learning,linkedin,FAILED: Not an 'Easy Apply' job (button did not load).
2025-07-15 11:45:14,Lensa,"MANAGER, BUSINESS INTELLIGENCE (REMOTE)",linkedin,FAILED: Not an 'Easy Apply' job (button did not load).
2025-07-15 11:46:02,Course,Project Manager Consultant - Healthcare SaaS (Remote),linkedin,FAILED: Not an 'Easy Apply' job (button did not load).
2025-07-15 11:46:37,MTech Systems,Project Manager,linkedin,FAILED: Not an 'Easy Apply' job (button did not load).
2025-07-15 11:47:07,CDK Global,Project Manager (Remote),linkedin,FAILED: Not an 'Easy Apply' job (button did not load).
2025-07-15 11:47:53,A2X,Product Manager,linkedin,FAILED: Not an 'Easy Apply' job (button did not load).
2025-07-15 11:48:29,Bitso,Product Manager,linkedin,FAILED: Not an 'Easy Apply' job (button did not load).
2025-07-15 11:49:04,Mindera,Product Manager,linkedin,FAILED: Not an 'Easy Apply' job (button did not load).
2025-07-15 11:49:48,Bitso,Product Manager,linkedin,FAILED: Not an 'Easy Apply' job (button did not load).
2025-07-15 11:50:25,Bitso,Product Manager,linkedin,FAILED: Not an 'Easy Apply' job (button did not load).
2025-07-15 11:51:01,Clever Real Estate,Director of Product,linkedin,FAILED: Not an 'Easy Apply' job (button did not load).
2025-07-15 11:52:20,cResults,Project Manager,linkedin,FAILED: Not an 'Easy Apply' job (button did not load).
2025-07-15 11:52:52,Bright Mind Solutions LLC,Project Manager (PM2),linkedin,FAILED: Not an 'Easy Apply' job (button did not load).
2025-07-15 11:53:27,Course,Project Manager Consultant - Healthcare SaaS (Remote),linkedin,FAILED: Not an 'Easy Apply' job (button did not load).
2025-07-15 11:54:03,Randstad USA,Project Coordinator,linkedin,FAILED: Not an 'Easy Apply' job (button did not load).
2025-07-15 11:55:25,The Singleton Group,Work from Home Customer Service Representative,remoteok,MANUAL_REQUIRED
2025-07-15 11:55:36,The Singleton Group,Work from Home Customer Service Representative,remoteok,MANUAL_REQUIRED
2025-07-15 11:55:57,The Singleton Group,Work from Home Customer Service Representative,remoteok,MANUAL_REQUIRED
2025-07-15 11:56:18,The Singleton Group,Work from Home Customer Service Representative,remoteok,MANUAL_REQUIRED
2025-07-15 11:56:40,The Singleton Group,Work from Home Customer Service Representative,remoteok,MANUAL_REQUIRED
2025-07-15 11:57:00,The Singleton Group,Work from Home Customer Service Representative,remoteok,MANUAL_REQUIRED
2025-07-15 11:57:18,The Singleton Group,Work from Home Customer Service Representative,remoteok,MANUAL_REQUIRED
2025-07-15 11:57:36,The Singleton Group,Work from Home Customer Service Representative,remoteok,MANUAL_REQUIRED
2025-07-15 13:22:29,The Singleton Group,Work from Home Customer Service Representative,remoteok,MANUAL_REQUIRED
2025-07-15 13:22:44,The Singleton Group,Work from Home Customer Service Representative,remoteok,MANUAL_REQUIRED
2025-07-15 13:23:04,The Singleton Group,Work from Home Customer Service Representative,remoteok,MANUAL_REQUIRED
2025-07-15 13:23:11,cResults,Project Manager,linkedin,MANUAL_REQUIRED
2025-07-15 13:23:23,The Singleton Group,Work from Home Customer Service Representative,remoteok,MANUAL_REQUIRED
2025-07-15 13:23:43,The Singleton Group,Work from Home Customer Service Representative,remoteok,MANUAL_REQUIRED
2025-07-15 13:23:48,Bright Mind Solutions LLC,Project Manager (PM2),linkedin,MANUAL_REQUIRED
2025-07-15 13:24:01,The Singleton Group,Work from Home Customer Service Representative,remoteok,MANUAL_REQUIRED
2025-07-15 13:24:21,The Singleton Group,Work from Home Customer Service Representative,remoteok,"CRITICAL_FAILURE: ('Connection aborted.', RemoteDisconnected('Remote end closed connection without response'))"
2025-07-15 13:24:21,Course,Project Manager Consultant - Healthcare SaaS (Remote),linkedin,"FAILED: HTTPConnectionPool(host='localhost', port=57889): Max retries exceeded with url: /session/4fe4828c898ed324c5dd452df59ecfc2/element (Caused by NewConnectionError('<urllib3.connection.HTTPConnection object at 0x1070f1dc0>: Failed to establish a new connection: [Errno 61] Connection refused'))"
2025-07-15 13:36:55,The Singleton Group,Work from Home Customer Service Representative,remoteok,CRITICAL_FAILURE: __init__() got an unexpected keyword argument 'proxies'
2025-07-15 13:36:56,The Singleton Group,Work from Home Customer Service Representative,remoteok,CRITICAL_FAILURE: __init__() got an unexpected keyword argument 'proxies'
2025-07-15 13:36:58,The Singleton Group,Work from Home Customer Service Representative,remoteok,CRITICAL_FAILURE: __init__() got an unexpected keyword argument 'proxies'
2025-07-15 13:36:59,The Singleton Group,Work from Home Customer Service Representative,remoteok,CRITICAL_FAILURE: __init__() got an unexpected keyword argument 'proxies'
2025-07-15 13:37:01,The Singleton Group,Work from Home Customer Service Representative,remoteok,CRITICAL_FAILURE: __init__() got an unexpected keyword argument 'proxies'
2025-07-15 13:37:04,The Singleton Group,Work from Home Customer Service Representative,remoteok,CRITICAL_FAILURE: __init__() got an unexpected keyword argument 'proxies'
2025-07-15 13:37:07,OptionMetrics,Product Manager,linkedin,CRITICAL_FAILURE: __init__() got an unexpected keyword argument 'proxies'
2025-07-15 13:37:07,SynapOne,Product Manager,linkedin,CRITICAL_FAILURE: __init__() got an unexpected keyword argument 'proxies'
2025-07-15 13:37:07,iFood,Product Manager IV (Ferramenta de Busca),linkedin,CRITICAL_FAILURE: __init__() got an unexpected keyword argument 'proxies'
2025-07-15 13:37:20,OpenLoop,Project Manager,linkedin,CRITICAL_FAILURE: __init__() got an unexpected keyword argument 'proxies'
2025-07-15 13:37:20,ezCater,Project Manager (Remote),linkedin,CRITICAL_FAILURE: __init__() got an unexpected keyword argument 'proxies'
2025-07-15 13:37:20,Polly,Senior Project Manager,linkedin,CRITICAL_FAILURE: __init__() got an unexpected keyword argument 'proxies'
2025-07-15 13:40:25,OpenLoop,Project Manager,linkedin,MANUAL_REQUIRED
2025-07-15 13:41:31,Hopper,Sr Project Manager - Finance (100% Remote),linkedin,"FAILED: HTTPConnectionPool(host='localhost', port=59061): Max retries exceeded with url: /session/7089d2d53ebc7f763c73f8155f767900/element (Caused by NewConnectionError('<urllib3.connection.HTTPConnection object at 0x1076702b0>: Failed to establish a new connection: [Errno 61] Connection refused'))"
2025-07-15 13:43:18,The Sage Group,Partner Marketing Manager,linkedin,"FAILED: HTTPConnectionPool(host='localhost', port=59385): Max retries exceeded with url: /session/53703601633c95a548c62bc9bce0fef1/element (Caused by NewConnectionError('<urllib3.connection.HTTPConnection object at 0x1095c0d60>: Failed to establish a new connection: [Errno 61] Connection refused'))"
2025-07-15 13:50:05,The Singleton Group,Work from Home Customer Service Representative,remoteok,CRITICAL_FAILURE: Client.__init__() got an unexpected keyword argument 'proxies'
2025-07-15 13:50:06,The Singleton Group,Work from Home Customer Service Representative,remoteok,CRITICAL_FAILURE: Client.__init__() got an unexpected keyword argument 'proxies'
2025-07-15 13:50:08,The Singleton Group,Work from Home Customer Service Representative,remoteok,CRITICAL_FAILURE: Client.__init__() got an unexpected keyword argument 'proxies'
2025-07-15 13:50:09,The Singleton Group,Work from Home Customer Service Representative,remoteok,CRITICAL_FAILURE: Client.__init__() got an unexpected keyword argument 'proxies'
2025-07-15 13:50:11,The Singleton Group,Work from Home Customer Service Representative,remoteok,CRITICAL_FAILURE: Client.__init__() got an unexpected keyword argument 'proxies'
2025-07-15 13:50:12,The Singleton Group,Work from Home Customer Service Representative,remoteok,CRITICAL_FAILURE: Client.__init__() got an unexpected keyword argument 'proxies'
2025-07-15 13:50:16,Hopper,Sr Project Manager - Finance (100% Remote),linkedin,CRITICAL_FAILURE: Client.__init__() got an unexpected keyword argument 'proxies'
2025-07-15 13:50:16,Coinbase,"Program Manager I, Corporate Programs",linkedin,CRITICAL_FAILURE: Client.__init__() got an unexpected keyword argument 'proxies'
2025-07-15 13:50:16,PayPal,Project Manager,linkedin,CRITICAL_FAILURE: Client.__init__() got an unexpected keyword argument 'proxies'
2025-07-15 13:50:16,Coinbase,"Program Manager, High Potential",linkedin,CRITICAL_FAILURE: Client.__init__() got an unexpected keyword argument 'proxies'
2025-07-15 13:50:16,Hopper,Sr Project Manager - Finance (100% Remote),linkedin,CRITICAL_FAILURE: Client.__init__() got an unexpected keyword argument 'proxies'
2025-07-15 13:50:16,Motion Recruitment,Project Manager,linkedin,CRITICAL_FAILURE: Client.__init__() got an unexpected keyword argument 'proxies'
2025-07-15 13:50:16,Hopper,Sr Project Manager - Finance (100% Remote),linkedin,CRITICAL_FAILURE: Client.__init__() got an unexpected keyword argument 'proxies'
2025-07-15 13:50:16,Hopper,Sr Project Manager - Finance (100% Remote),linkedin,CRITICAL_FAILURE: Client.__init__() got an unexpected keyword argument 'proxies'
2025-07-15 13:50:16,Hopper,Sr Project Manager - Finance (100% Remote),linkedin,CRITICAL_FAILURE: Client.__init__() got an unexpected keyword argument 'proxies'
2025-07-15 13:50:16,Hopper,Sr Project Manager - Finance (100% Remote),linkedin,CRITICAL_FAILURE: Client.__init__() got an unexpected keyword argument 'proxies'
2025-07-15 13:50:16,Hopper,Sr Project Manager - Finance (100% Remote),linkedin,CRITICAL_FAILURE: Client.__init__() got an unexpected keyword argument 'proxies'
2025-07-15 13:50:16,Coinbase,Program Manager II,linkedin,CRITICAL_FAILURE: Client.__init__() got an unexpected keyword argument 'proxies'
2025-07-15 13:50:16,Applied Blockchain,Project Manager,linkedin,CRITICAL_FAILURE: Client.__init__() got an unexpected keyword argument 'proxies'
2025-07-15 13:50:16,Coinbase,"Program Manager II, M&A",linkedin,CRITICAL_FAILURE: Client.__init__() got an unexpected keyword argument 'proxies'
2025-07-15 13:50:16,Jobgether,Project Manager (Remote - US),linkedin,CRITICAL_FAILURE: Client.__init__() got an unexpected keyword argument 'proxies'
2025-07-15 13:50:16,Applied Blockchain,Project Manager,linkedin,CRITICAL_FAILURE: Client.__init__() got an unexpected keyword argument 'proxies'
2025-07-15 13:50:16,Applied Blockchain,Project Manager,linkedin,CRITICAL_FAILURE: Client.__init__() got an unexpected keyword argument 'proxies'
2025-07-15 13:50:16,Tether.io,Associate Business Project Manager (100% remote - UK),linkedin,CRITICAL_FAILURE: Client.__init__() got an unexpected keyword argument 'proxies'
2025-07-15 13:50:16,Tether.io,Associate Business Project Manager (100% remote - Spain),linkedin,CRITICAL_FAILURE: Client.__init__() got an unexpected keyword argument 'proxies'
2025-07-15 13:50:16,Commercial Bank of California,Technical Project Manager,linkedin,CRITICAL_FAILURE: Client.__init__() got an unexpected keyword argument 'proxies'
2025-07-15 13:50:16,Applied Blockchain,Project Manager,linkedin,CRITICAL_FAILURE: Client.__init__() got an unexpected keyword argument 'proxies'
2025-07-15 13:50:16,Monterail,Project Manager,linkedin,CRITICAL_FAILURE: Client.__init__() got an unexpected keyword argument 'proxies'
2025-07-15 13:50:16,Dijitally,Producer / Project Manager,linkedin,CRITICAL_FAILURE: Client.__init__() got an unexpected keyword argument 'proxies'
2025-07-15 13:50:16,OnePay,Product Operations - Project Manager,linkedin,CRITICAL_FAILURE: Client.__init__() got an unexpected keyword argument 'proxies'
2025-07-15 13:50:16,Tether.io,Associate Business Project Manager (100% remote - Italy),linkedin,CRITICAL_FAILURE: Client.__init__() got an unexpected keyword argument 'proxies'
2025-07-15 13:50:16,Tether.io,Associate Business Project Manager (100% remote),linkedin,CRITICAL_FAILURE: Client.__init__() got an unexpected keyword argument 'proxies'
2025-07-15 13:50:16,Tether.io,Associate Business Project Manager (100% remote),linkedin,CRITICAL_FAILURE: Client.__init__() got an unexpected keyword argument 'proxies'
2025-07-15 13:50:16,Masent√≥ Group,Fintech Project Manager,linkedin,CRITICAL_FAILURE: Client.__init__() got an unexpected keyword argument 'proxies'
2025-07-15 13:50:16,Kasha,Technical Project Manager,linkedin,CRITICAL_FAILURE: Client.__init__() got an unexpected keyword argument 'proxies'
2025-07-15 13:50:16,Somewhere,Project Manager - 38268490870,linkedin,CRITICAL_FAILURE: Client.__init__() got an unexpected keyword argument 'proxies'
2025-07-15 13:50:16,Premier Group,Senior Project Manager (SaaS Implementation),linkedin,CRITICAL_FAILURE: Client.__init__() got an unexpected keyword argument 'proxies'
2025-07-15 13:50:16,dLocal,Global Initiatives Project Manager - EMEA (Remote),linkedin,CRITICAL_FAILURE: Client.__init__() got an unexpected keyword argument 'proxies'
2025-07-15 13:50:16,Kasha,Technical Project Manager,linkedin,CRITICAL_FAILURE: Client.__init__() got an unexpected keyword argument 'proxies'
2025-07-15 13:50:16,Motion Recruitment,Project Manager,linkedin,CRITICAL_FAILURE: Client.__init__() got an unexpected keyword argument 'proxies'
2025-07-15 13:50:16,Brickendon Consulting,Transformation Project Manager,linkedin,CRITICAL_FAILURE: Client.__init__() got an unexpected keyword argument 'proxies'
2025-07-15 13:50:16,VeriPark,Project Manager - Digital Banking (2+ Years Experience),linkedin,CRITICAL_FAILURE: Client.__init__() got an unexpected keyword argument 'proxies'
2025-07-15 13:50:16,Dev.Pro,Intermediate Project Manager - OP01791,linkedin,CRITICAL_FAILURE: Client.__init__() got an unexpected keyword argument 'proxies'
2025-07-15 13:50:16,Brickendon Consulting,Project Manager Contact Center,linkedin,CRITICAL_FAILURE: Client.__init__() got an unexpected keyword argument 'proxies'
2025-07-15 13:50:16,Tether.io,Technical Project Manager (100% Remote - Ireland),linkedin,CRITICAL_FAILURE: Client.__init__() got an unexpected keyword argument 'proxies'
2025-07-15 13:50:16,Chime,"Program Manager, Dispute Experience",linkedin,CRITICAL_FAILURE: Client.__init__() got an unexpected keyword argument 'proxies'
2025-07-15 13:50:16,zerohash,Technical Project Manager,linkedin,CRITICAL_FAILURE: Client.__init__() got an unexpected keyword argument 'proxies'
2025-07-15 13:50:16,Dev.Pro,Intermediate Project Manager - OP01791,linkedin,CRITICAL_FAILURE: Client.__init__() got an unexpected keyword argument 'proxies'
2025-07-15 13:50:16,BJAK,"È°πÁõÆÁªèÁêÜ PMO, CEO Office (Remote)",linkedin,CRITICAL_FAILURE: Client.__init__() got an unexpected keyword argument 'proxies'
2025-07-15 13:50:16,Tether.io,Technical Project Manager (100% Remote - Spain),linkedin,CRITICAL_FAILURE: Client.__init__() got an unexpected keyword argument 'proxies'
2025-07-15 13:50:16,Mercuryo,Project Manager / Dev Unit Lead,linkedin,CRITICAL_FAILURE: Client.__init__() got an unexpected keyword argument 'proxies'
2025-07-15 13:50:16,Tether.io,Technical Project Manager (100% Remote - Poland),linkedin,CRITICAL_FAILURE: Client.__init__() got an unexpected keyword argument 'proxies'
2025-07-15 13:50:16,NOTO - 360 Fraud and Compliance,IT Project Manager,linkedin,CRITICAL_FAILURE: Client.__init__() got an unexpected keyword argument 'proxies'
2025-07-15 13:50:16,FinTech Insights,Project Coordinator,linkedin,CRITICAL_FAILURE: Client.__init__() got an unexpected keyword argument 'proxies'
2025-07-15 13:50:16,dLocal,Global Initiatives Project Manager - EMEA (Remote),linkedin,CRITICAL_FAILURE: Client.__init__() got an unexpected keyword argument 'proxies'
2025-07-15 13:50:16,Tether.io,Technical Project Manager (100% Remote - Sri Lanka),linkedin,CRITICAL_FAILURE: Client.__init__() got an unexpected keyword argument 'proxies'
2025-07-15 13:50:16,Xsolla,Project Manager (Contract),linkedin,CRITICAL_FAILURE: Client.__init__() got an unexpected keyword argument 'proxies'
2025-07-15 13:50:16,Morris Sinclair Recruitment,Software Delivery Project Manager,linkedin,CRITICAL_FAILURE: Client.__init__() got an unexpected keyword argument 'proxies'
2025-07-15 13:50:16,Tether.io,Technical Project Manager (100% Remote - United Kingdom),linkedin,CRITICAL_FAILURE: Client.__init__() got an unexpected keyword argument 'proxies'
2025-07-15 13:50:16,Tether.io,Technical Project Manager (100% Remote - Italy),linkedin,CRITICAL_FAILURE: Client.__init__() got an unexpected keyword argument 'proxies'
2025-07-15 13:50:16,One Inc,Business Project Operations Manager,linkedin,CRITICAL_FAILURE: Client.__init__() got an unexpected keyword argument 'proxies'
2025-07-15 13:50:16,Alkami Technology,"Project Manager II, PSO",linkedin,CRITICAL_FAILURE: Client.__init__() got an unexpected keyword argument 'proxies'
2025-07-15 13:50:16,team.blue,Project Manager - Payment Solutions (Remote),linkedin,CRITICAL_FAILURE: Client.__init__() got an unexpected keyword argument 'proxies'
2025-07-15 13:50:16,Finvi,Project Manager-Implementation,linkedin,CRITICAL_FAILURE: Client.__init__() got an unexpected keyword argument 'proxies'
2025-07-15 13:50:16,Tether.io,Technical Project Manager (100% Remote - Pakistan),linkedin,CRITICAL_FAILURE: Client.__init__() got an unexpected keyword argument 'proxies'
2025-07-15 13:50:16,Revolut,Operations Manager,linkedin,CRITICAL_FAILURE: Client.__init__() got an unexpected keyword argument 'proxies'
2025-07-15 13:50:26,The Sage Group,Partner Marketing Manager,linkedin,CRITICAL_FAILURE: Client.__init__() got an unexpected keyword argument 'proxies'
2025-07-15 13:50:26,Figma,Higher Education Marketing Manager,linkedin,CRITICAL_FAILURE: Client.__init__() got an unexpected keyword argument 'proxies'
2025-07-15 13:50:26,Figma,Higher Education Marketing Manager,linkedin,CRITICAL_FAILURE: Client.__init__() got an unexpected keyword argument 'proxies'
2025-07-15 13:50:26,Figma,Higher Education Marketing Manager,linkedin,CRITICAL_FAILURE: Client.__init__() got an unexpected keyword argument 'proxies'
2025-07-15 13:50:38,OptionMetrics,Product Manager,linkedin,CRITICAL_FAILURE: Client.__init__() got an unexpected keyword argument 'proxies'
2025-07-15 13:50:38,SynapOne,Product Manager,linkedin,CRITICAL_FAILURE: Client.__init__() got an unexpected keyword argument 'proxies'
2025-07-15 13:50:38,iFood,Product Manager IV (Ferramenta de Busca),linkedin,CRITICAL_FAILURE: Client.__init__() got an unexpected keyword argument 'proxies'
2025-07-15 14:26:27,The Singleton Group,Work from Home Customer Service Representative,remoteok,CRITICAL_FAILURE: name 'key' is not defined
2025-07-15 14:26:29,The Singleton Group,Work from Home Customer Service Representative,remoteok,CRITICAL_FAILURE: name 'key' is not defined
2025-07-15 14:26:31,The Singleton Group,Work from Home Customer Service Representative,remoteok,CRITICAL_FAILURE: name 'key' is not defined
2025-07-15 14:26:33,The Singleton Group,Work from Home Customer Service Representative,remoteok,CRITICAL_FAILURE: name 'key' is not defined
2025-07-15 14:26:34,The Singleton Group,Work from Home Customer Service Representative,remoteok,CRITICAL_FAILURE: name 'key' is not defined
2025-07-15 14:26:35,The Singleton Group,Work from Home Customer Service Representative,remoteok,CRITICAL_FAILURE: name 'key' is not defined
2025-07-15 14:26:40,OptionMetrics,Product Manager,linkedin,CRITICAL_FAILURE: name 'key' is not defined
2025-07-15 14:26:40,SynapOne,Product Manager,linkedin,CRITICAL_FAILURE: name 'key' is not defined
2025-07-15 14:26:40,iFood,Product Manager IV (Ferramenta de Busca),linkedin,CRITICAL_FAILURE: name 'key' is not defined
2025-07-15 14:30:40,The Singleton Group,Work from Home Customer Service Representative,remoteok,MANUAL_REQUIRED
2025-07-15 14:30:48,The Singleton Group,Work from Home Customer Service Representative,remoteok,MANUAL_REQUIRED
2025-07-15 14:30:58,The Singleton Group,Work from Home Customer Service Representative,remoteok,MANUAL_REQUIRED
2025-07-15 14:31:07,The Singleton Group,Work from Home Customer Service Representative,remoteok,MANUAL_REQUIRED
2025-07-15 14:31:07,OptionMetrics,Product Manager,linkedin,MANUAL_REQUIRED
2025-07-15 14:31:16,The Singleton Group,Work from Home Customer Service Representative,remoteok,MANUAL_REQUIRED
2025-07-15 14:31:26,The Singleton Group,Work from Home Customer Service Representative,remoteok,MANUAL_REQUIRED
2025-07-15 14:31:30,SynapOne,Product Manager,linkedin,MANUAL_REQUIRED
2025-07-15 14:32:01,iFood,Product Manager IV (Ferramenta de Busca),linkedin,MANUAL_REQUIRED
2025-07-15 14:32:27,Credit Key,Product Manager,linkedin,MANUAL_REQUIRED
2025-07-15 14:33:09,OpenLoop,Project Manager,linkedin,MANUAL_REQUIRED
2025-07-15 14:33:35,ezCater,Project Manager (Remote),linkedin,MANUAL_REQUIRED
2025-07-15 14:33:59,Polly,Senior Project Manager,linkedin,MANUAL_REQUIRED
2025-07-15 14:34:24,The Sage Group,Partner Marketing Manager,linkedin,"FAILED: HTTPConnectionPool(host='localhost', port=61181): Max retries exceeded with url: /session/445a8173b76b68af2acaacd7d59e60e0/element (Caused by NewConnectionError('<urllib3.connection.HTTPConnection object at 0x104d316a0>: Failed to establish a new connection: [Errno 61] Connection refused'))"
2025-07-15 15:08:30,The Singleton Group,Work from Home Customer Service Representative,remoteok,CRITICAL_FAILURE: Client.__init__() got an unexpected keyword argument 'proxies'
2025-07-15 15:08:37,The Singleton Group,Work from Home Customer Service Representative,remoteok,CRITICAL_FAILURE: Client.__init__() got an unexpected keyword argument 'proxies'
2025-07-15 15:08:39,The Singleton Group,Work from Home Customer Service Representative,remoteok,CRITICAL_FAILURE: Client.__init__() got an unexpected keyword argument 'proxies'
2025-07-15 15:08:40,The Singleton Group,Work from Home Customer Service Representative,remoteok,CRITICAL_FAILURE: Client.__init__() got an unexpected keyword argument 'proxies'
2025-07-15 15:08:41,The Singleton Group,Work from Home Customer Service Representative,remoteok,CRITICAL_FAILURE: Client.__init__() got an unexpected keyword argument 'proxies'
2025-07-15 15:08:42,The Singleton Group,Work from Home Customer Service Representative,remoteok,CRITICAL_FAILURE: Client.__init__() got an unexpected keyword argument 'proxies'
2025-07-15 15:09:06,Tabeo,Senior Product Manager - Plans,linkedin,CRITICAL_FAILURE: Client.__init__() got an unexpected keyword argument 'proxies'
2025-07-15 15:09:06,Orum ü•á,Senior Product Manager,linkedin,CRITICAL_FAILURE: Client.__init__() got an unexpected keyword argument 'proxies'
2025-07-15 15:09:06,Thryv,Product Manager- Marketplace,linkedin,CRITICAL_FAILURE: Client.__init__() got an unexpected keyword argument 'proxies'
2025-07-15 15:09:20,OpenLoop,Project Manager,linkedin,CRITICAL_FAILURE: Client.__init__() got an unexpected keyword argument 'proxies'
2025-07-15 15:09:20,Cotiviti,Project Manager,linkedin,CRITICAL_FAILURE: Client.__init__() got an unexpected keyword argument 'proxies'
2025-07-15 15:09:20,Netflix,Technical Program Manager (L5) - GenAI,linkedin,CRITICAL_FAILURE: Client.__init__() got an unexpected keyword argument 'proxies'
2025-07-15 15:09:20,Coursera,Global Implementation Manager,linkedin,CRITICAL_FAILURE: Client.__init__() got an unexpected keyword argument 'proxies'
2025-07-15 15:09:33,Hopper,Sr Project Manager - Finance (100% Remote),linkedin,CRITICAL_FAILURE: Client.__init__() got an unexpected keyword argument 'proxies'
2025-07-15 15:09:33,Premier Group,Senior Project Manager (SaaS Implementation),linkedin,CRITICAL_FAILURE: Client.__init__() got an unexpected keyword argument 'proxies'
2025-07-15 15:09:33,dLocal,Global Initiatives Project Manager - EMEA (Remote),linkedin,CRITICAL_FAILURE: Client.__init__() got an unexpected keyword argument 'proxies'
2025-07-15 15:09:33,Dev.Pro,Intermediate Project Manager - OP01791,linkedin,CRITICAL_FAILURE: Client.__init__() got an unexpected keyword argument 'proxies'
2025-07-15 15:09:47,Tabeo,Senior Product Manager - Plans,linkedin,CRITICAL_FAILURE: Client.__init__() got an unexpected keyword argument 'proxies'
2025-07-15 15:09:47,MoCaFi,Product Manager,linkedin,CRITICAL_FAILURE: Client.__init__() got an unexpected keyword argument 'proxies'
2025-07-15 15:09:47,Paytient,Product Manager - Payments,linkedin,CRITICAL_FAILURE: Client.__init__() got an unexpected keyword argument 'proxies'
2025-07-15 15:13:32,Tabeo,Senior Product Manager - Plans,linkedin,CRITICAL_FAILURE: Client.__init__() got an unexpected keyword argument 'proxies'
2025-07-15 15:13:32,MoCaFi,Product Manager,linkedin,CRITICAL_FAILURE: Client.__init__() got an unexpected keyword argument 'proxies'
2025-07-15 15:13:32,Paytient,Product Manager - Payments,linkedin,CRITICAL_FAILURE: Client.__init__() got an unexpected keyword argument 'proxies'
2025-07-15 15:14:15,OpenLoop,Project Manager,linkedin,CRITICAL_FAILURE: Client.__init__() got an unexpected keyword argument 'proxies'
2025-07-15 15:14:15,Cotiviti,Project Manager,linkedin,CRITICAL_FAILURE: Client.__init__() got an unexpected keyword argument 'proxies'
2025-07-15 15:14:15,Netflix,Technical Program Manager (L5) - GenAI,linkedin,CRITICAL_FAILURE: Client.__init__() got an unexpected keyword argument 'proxies'
2025-07-15 15:15:00,Hopper,Sr Project Manager - Finance (100% Remote),linkedin,CRITICAL_FAILURE: Client.__init__() got an unexpected keyword argument 'proxies'
2025-07-15 15:15:00,Premier Group,Senior Project Manager (SaaS Implementation),linkedin,CRITICAL_FAILURE: Client.__init__() got an unexpected keyword argument 'proxies'
2025-07-15 15:15:00,dLocal,Global Initiatives Project Manager - EMEA (Remote),linkedin,CRITICAL_FAILURE: Client.__init__() got an unexpected keyword argument 'proxies'
2025-07-15 15:15:14,Tabeo,Senior Product Manager - Plans,linkedin,CRITICAL_FAILURE: Client.__init__() got an unexpected keyword argument 'proxies'
2025-07-15 15:15:14,Orum ü•á,Senior Product Manager,linkedin,CRITICAL_FAILURE: Client.__init__() got an unexpected keyword argument 'proxies'
2025-07-15 15:15:14,Thryv,Product Manager- Marketplace,linkedin,CRITICAL_FAILURE: Client.__init__() got an unexpected keyword argument 'proxies'
2025-07-15 15:15:14,Orum ü•á,Staff Product Manager,linkedin,CRITICAL_FAILURE: Client.__init__() got an unexpected keyword argument 'proxies'
2025-07-15 15:16:58,Hopper,Sr Project Manager - Finance (100% Remote),linkedin,FAILED: Not an 'Easy Apply' job (button did not load).
2025-07-15 15:17:24,Premier Group,Senior Project Manager (SaaS Implementation),linkedin,FAILED: Not an 'Easy Apply' job (button did not load).
2025-07-15 15:17:50,dLocal,Global Initiatives Project Manager - EMEA (Remote),linkedin,FAILED: Not an 'Easy Apply' job (button did not load).
2025-07-15 15:18:32,Tabeo,Senior Product Manager - Plans,linkedin,FAILED: Not an 'Easy Apply' job (button did not load).
2025-07-15 15:18:57,MoCaFi,Product Manager,linkedin,FAILED: Not an 'Easy Apply' job (button did not load).
2025-07-15 15:19:25,Paytient,Product Manager - Payments,linkedin,FAILED: Not an 'Easy Apply' job (button did not load).
2025-07-15 15:20:06,Tabeo,Senior Product Manager - Plans,linkedin,FAILED: Not an 'Easy Apply' job (button did not load).
2025-07-15 15:20:32,Orum ü•á,Senior Product Manager,linkedin,FAILED: Not an 'Easy Apply' job (button did not load).
2025-07-15 15:20:56,Thryv,Product Manager- Marketplace,linkedin,FAILED: Not an 'Easy Apply' job (button did not load).
2025-07-15 15:21:35,OpenLoop,Project Manager,linkedin,FAILED: Not an 'Easy Apply' job (button did not load).
2025-07-15 15:22:01,Cotiviti,Project Manager,linkedin,FAILED: Not an 'Easy Apply' job (button did not load).
2025-07-15 15:22:25,Netflix,Technical Program Manager (L5) - GenAI,linkedin,FAILED: Not an 'Easy Apply' job (button did not load).
2025-07-15 15:22:51,Coursera,Global Implementation Manager,linkedin,FAILED: Not an 'Easy Apply' job (button did not load).
2025-07-15 15:43:56,The Singleton Group,Work from Home Customer Service Representative,remoteok,MANUAL_REQUIRED
