Company,Title,URL
A2X,Product Manager,https://ca.linkedin.com/jobs/view/product-manager-at-a2x-4262391728
Bitso,Product Manager,https://www.linkedin.com/jobs/view/product-manager-at-bitso-4240361685
Mindera,Product Manager,https://pt.linkedin.com/jobs/view/product-manager-at-mindera-4264478131
cResults,Project Manager,https://www.linkedin.com/jobs/view/project-manager-at-cresults-4255202800
Bright Mind Solutions LLC,Project Manager (PM2),https://www.linkedin.com/jobs/view/project-manager-pm2-at-bright-mind-solutions-llc-4263642445
Course,Project Manager Consultant - Healthcare SaaS (Remote),https://www.linkedin.com/jobs/view/project-manager-consultant-healthcare-saas-remote-at-course-4261044079
Course,Project Manager Consultant - Healthcare SaaS (Remote),https://www.linkedin.com/jobs/view/project-manager-consultant-healthcare-saas-remote-at-course-4261044079
MTech Systems,Project Manager,https://de.linkedin.com/jobs/view/project-manager-at-mtech-systems-4256183095
CDK Global,Project Manager (Remote),https://www.linkedin.com/jobs/view/project-manager-remote-at-cdk-global-4250671698
HighLevel,Project Manager,https://www.linkedin.com/jobs/view/project-manager-at-highlevel-4240082933
Bitso,Product Manager,https://www.linkedin.com/jobs/view/product-manager-at-bitso-4240361685
The Singleton Group,Work from Home Customer Service Representative,https://remoteok.com/remote-jobs/remote-work-from-home-customer-service-representative-the-singleton-group-1093611
The Singleton Group,Work from Home Customer Service Representative,https://remoteok.com/remote-jobs/remote-work-from-home-customer-service-representative-the-singleton-group-1093611
The Singleton Group,Work from Home Customer Service Representative,https://remoteok.com/remote-jobs/remote-work-from-home-customer-service-representative-the-singleton-group-1093611
cResults,Project Manager,https://www.linkedin.com/jobs/view/project-manager-at-cresults-4255202800
The Singleton Group,Work from Home Customer Service Representative,https://remoteok.com/remote-jobs/remote-work-from-home-customer-service-representative-the-singleton-group-1093611
The Singleton Group,Work from Home Customer Service Representative,https://remoteok.com/remote-jobs/remote-work-from-home-customer-service-representative-the-singleton-group-1093611
Bright Mind Solutions LLC,Project Manager (PM2),https://www.linkedin.com/jobs/view/project-manager-pm2-at-bright-mind-solutions-llc-4263642445
The Singleton Group,Work from Home Customer Service Representative,https://remoteok.com/remote-jobs/remote-work-from-home-customer-service-representative-the-singleton-group-1093611
OpenLoop,Project Manager,https://www.linkedin.com/jobs/view/project-manager-at-openloop-4250743137
The Singleton Group,Work from Home Customer Service Representative,https://remoteok.com/remote-jobs/remote-work-from-home-customer-service-representative-the-singleton-group-1093611
The Singleton Group,Work from Home Customer Service Representative,https://remoteok.com/remote-jobs/remote-work-from-home-customer-service-representative-the-singleton-group-1093611
The Singleton Group,Work from Home Customer Service Representative,https://remoteok.com/remote-jobs/remote-work-from-home-customer-service-representative-the-singleton-group-1093611
The Singleton Group,Work from Home Customer Service Representative,https://remoteok.com/remote-jobs/remote-work-from-home-customer-service-representative-the-singleton-group-1093611
OptionMetrics,Product Manager,https://www.linkedin.com/jobs/view/product-manager-at-optionmetrics-4264252404
The Singleton Group,Work from Home Customer Service Representative,https://remoteok.com/remote-jobs/remote-work-from-home-customer-service-representative-the-singleton-group-1093611
The Singleton Group,Work from Home Customer Service Representative,https://remoteok.com/remote-jobs/remote-work-from-home-customer-service-representative-the-singleton-group-1093611
SynapOne,Product Manager,https://www.linkedin.com/jobs/view/product-manager-at-synapone-4258051230
iFood,Product Manager IV (Ferramenta de Busca),https://br.linkedin.com/jobs/view/product-manager-iv-ferramenta-de-busca-at-ifood-4249412336
Credit Key,Product Manager,https://www.linkedin.com/jobs/view/product-manager-at-credit-key-4261182096
OpenLoop,Project Manager,https://www.linkedin.com/jobs/view/project-manager-at-openloop-4250743137
ezCater,Project Manager (Remote),https://www.linkedin.com/jobs/view/project-manager-remote-at-ezcater-4241193215
Polly,Senior Project Manager,https://www.linkedin.com/jobs/view/senior-project-manager-at-polly-4262330144
The Singleton Group,Work from Home Customer Service Representative,https://remoteok.com/remote-jobs/remote-work-from-home-customer-service-representative-the-singleton-group-1093611
